,precio,producto
0,"29,99 € ",RAMA LUCES
1,"89,99 € ",APLIQUE PARED METAL
2,"39,99 € ",LÁMPARA BASE CEMENTO
3,"69,99 € ",LÁMPARA TERRACOTA
4,"59,99 € ",LÁMPARA BASE GRIS
5,"69,99 € ",LÁMPARA BASE ALABASTRO
6,"59,99 € ",LÁMPARA BASE TRÍPODE
7,"129,00 € ",LÁMPARA PIE TRÍPODE
8,"149,00 € ",LAMPARA DE CERÁMICA KASSL EDITIONS ZARA HOME
9,"149,00 € ",LAMPARA DE CERÁMICA KASSL EDITIONS ZARA HOME
10,"199,00 € ",LÁMPARA PIE MÁRMOL
11,"179,00 € ",LÁMPARA PIE PANTALLA LINO
12,"69,99 € ",LÁMPARA CERÁMICA ENVEJECIDA
13,"79,99 € ",LÁMPARA BASE CERÁMICA NEGRA
14,"149,00 € ",LÁMPARA BASE CERÁMICA
15,"49,99 € ",LÁMPARA MADERA
16,"89,99 € ",LÁMPARA RÚSTICA PANTALLA LINO
17,"99,99 € ",LÁMPARA BASE CÓNICA
18,"39,99 € ",FOCO RECARGABLE USB
19,"39,99 € ",FOCO RECARGABLE USB
20,"49,99 € ",LÁMPARA ASA METAL
21,"59,99 € ",LÁMPARA PIE TRIPODE
22,"59,99 € ",LÁMPARA PIE TRIPODE
23,"79,99 € ",FLEXO METAL LED
24,"129,00 € ",FLEXO DE PIE METAL LED
25,"59,99 € ",FLEXO METAL DORADO
26,"29,99 € ",LÁMPARA FLEXO
27,"25,99 € ",GUIRNALDA BOMBILLAS (10M)
28,"99,99 € ",LÁMPARA BOLAS
29,"99,99 € ",LÁMPARA CRISTAL
30,"29,99 € ",LÁMPARA LISA
31,"29,99 € ",LÁMPARA LISA
32,"59,99 € ",LÁMPARA PIE DORADO
33,"49,99 € ",LÁMPARA CERÁMICA
34,"39,99 € ",LÁMPARA BASE CERÁMICA
35,"49,99 € ",LÁMPARA CERÁMICA
36,"49,99 € ",LÁMPARA CERÁMICA
37,"39,99 € ",LÁMPARA BASE CERÁMICA
38,"89,99 € ",LÁMPARA CERÁMICA
39,"49,99 € ",LÁMPARA TERRACOTA
40,"39,99 € ",LÁMPARA RATÁN
41,"29,99 € ",LÁMPARA RATÁN
42,"39,99 € ",LÁMPARA INALÁMBRICA CON ASA
43,"49,99 € ",LÁMPARA CERÁMICA
44,"39,99 € ",LÁMPARA LISA
